{"cameraMode":{"drawMode":0,"name":"Shaded","section":"Shading Mode"},"sceneLighting":false,"audioPlay":false,"sceneViewState":{"m_AlwaysRefresh":false,"showFog":true,"showSkybox":true,"showFlares":true,"showImageEffects":true,"showParticleSystems":true,"showVisualEffectGraphs":true,"m_FxEnabled":true},"in2DMode":false,"pivot":{"x":-0.06267035007476807,"y":0.5272171497344971,"z":-0.8871349096298218},"rotation":{"x":0.10654986649751663,"y":-0.10865173488855362,"z":0.011714084073901177,"w":0.9882842302322388},"size":2.7799553871154787,"orthographic":true}