{"cameraMode":{"drawMode":0,"name":"Shaded","section":"Shading Mode"},"sceneLighting":false,"audioPlay":false,"sceneViewState":{"m_AlwaysRefresh":false,"showFog":true,"showSkybox":true,"showFlares":true,"showImageEffects":true,"showParticleSystems":true,"showVisualEffectGraphs":true,"m_FxEnabled":true},"in2DMode":false,"pivot":{"x":1.8308273553848267,"y":1.243934154510498,"z":3.8161749839782717},"rotation":{"x":-0.08873593807220459,"y":-0.3036394417285919,"z":0.028414975851774217,"w":-0.9482205510139465},"size":15.438349723815918,"orthographic":false}