{"cameraMode":{"drawMode":0,"name":"Shaded","section":"Shading Mode"},"sceneLighting":false,"audioPlay":false,"sceneViewState":{"m_AlwaysRefresh":false,"showFog":true,"showSkybox":true,"showFlares":true,"showImageEffects":true,"showParticleSystems":true,"showVisualEffectGraphs":true,"m_FxEnabled":true},"in2DMode":false,"pivot":{"x":-0.49971163272857668,"y":0.14590680599212647,"z":0.3974798917770386},"rotation":{"x":-0.031763967126607898,"y":0.9555249810218811,"z":-0.27095165848731997,"w":-0.11201800405979157},"size":4.793413162231445,"orthographic":false}