{"cameraMode":{"drawMode":0,"name":"Shaded","section":"Shading Mode"},"sceneLighting":false,"audioPlay":false,"sceneViewState":{"m_AlwaysRefresh":false,"showFog":true,"showSkybox":true,"showFlares":true,"showImageEffects":true,"showParticleSystems":true,"showVisualEffectGraphs":true,"m_FxEnabled":true},"in2DMode":false,"pivot":{"x":438.17449951171877,"y":160.47756958007813,"z":-2.0722198486328127},"rotation":{"x":0.02849499322474003,"y":-0.00899625662714243,"z":0.00025646682479418814,"w":0.9995534420013428},"size":248.447265625,"orthographic":true}