{"cameraMode":{"drawMode":0,"name":"Shaded","section":"Shading Mode"},"sceneLighting":false,"audioPlay":false,"sceneViewState":{"m_AlwaysRefresh":false,"showFog":true,"showSkybox":false,"showFlares":true,"showImageEffects":true,"showParticleSystems":true,"showVisualEffectGraphs":true,"m_FxEnabled":true},"in2DMode":false,"pivot":{"x":-2.509999990463257,"y":0.09000001847743988,"z":-2.4700000286102297},"rotation":{"x":0.2747962474822998,"y":0.011537665501236916,"z":-0.0032976840157061817,"w":0.9614287614822388},"size":0.8660286664962769,"orthographic":true}