{"cameraMode":{"drawMode":0,"name":"Shaded","section":"Shading Mode"},"sceneLighting":false,"audioPlay":false,"sceneViewState":{"m_AlwaysRefresh":false,"showFog":true,"showSkybox":false,"showFlares":true,"showImageEffects":true,"showParticleSystems":true,"showVisualEffectGraphs":true,"m_FxEnabled":true},"in2DMode":false,"pivot":{"x":-2.5299999713897707,"y":0.09000000357627869,"z":2.490000009536743},"rotation":{"x":0.2747962474822998,"y":0.011537665501236916,"z":-0.0032976840157061817,"w":0.9614287614822388},"size":0.681838870048523,"orthographic":true}